t_recv	match_id	node_id	kind	player_id	shooter_num	shooter_team	dmg	sensor	ir_proto
1789339037682	fba981640d	node-008a563e38	hit_taken	002803e7	1	0	50	1	0
1789339037683	fba981640d	node-008a563e38	death	002803e7	1	0			
1789339042796	fba981640d	node-008a563e38	respawn	002803e7					
1789339097787	fba981640d	node-daeed47068	hit_taken	6748d5e1	2	0	50	0	0
1789339097787	fba981640d	node-daeed47068	death	6748d5e1	2	0			
1789339097787	fba981640d	node-daeed47068	respawn	6748d5e1					
1789339097787	fba981640d	node-daeed47068	hit_taken	6748d5e1	2	0	50	0	0
1789339097787	fba981640d	node-daeed47068	death	6748d5e1	2	0			
1789339097787	fba981640d	node-daeed47068	respawn	6748d5e1					
1789339097787	fba981640d	node-daeed47068	hit_taken	6748d5e1	2	0	50	0	0
1789339097787	fba981640d	node-daeed47068	death	6748d5e1	2	0			
1789339097787	fba981640d	node-daeed47068	respawn	6748d5e1					
1789339097787	fba981640d	node-daeed47068	hit_taken	6748d5e1	2	0	50	4	0
1789339097787	fba981640d	node-daeed47068	death	6748d5e1	2	0			
1789339097787	fba981640d	node-daeed47068	respawn	6748d5e1					
1789339097787	fba981640d	node-daeed47068	hit_taken	6748d5e1	2	0	50	0	0
1789339097787	fba981640d	node-daeed47068	death	6748d5e1	2	0			
1789339097787	fba981640d	node-daeed47068	respawn	6748d5e1					
1789339098292	fba981640d	node-008a563e38	hit_taken	002803e7	1	0	50	0	0
1789339098301	fba981640d	node-008a563e38	death	002803e7	1	0			
1789339103291	fba981640d	node-008a563e38	respawn	002803e7					
1789339177036	fba981640d	node-daeed47068	hit_taken	6748d5e1	2	0	50	0	0
1789339177039	fba981640d	node-daeed47068	death	6748d5e1	2	0			
1789339182161	fba981640d	node-daeed47068	respawn	6748d5e1					
1789339185116	fba981640d	node-daeed47068	hit_taken	6748d5e1	2	0	50	4	0
1789339185120	fba981640d	node-daeed47068	death	6748d5e1	2	0			
1789339190092	fba981640d	node-daeed47068	respawn	6748d5e1					
1789339200191	fba981640d	node-daeed47068	hit_taken	6748d5e1	2	0	50	4	0
1789339200193	fba981640d	node-daeed47068	death	6748d5e1	2	0			
1789339205343	fba981640d	node-daeed47068	respawn	6748d5e1					
1789339234382	fba981640d	node-008a563e38	hit_taken	002803e7	1	0	50	2	0
1789339234382	fba981640d	node-008a563e38	death	002803e7	1	0			
1789339234382	fba981640d	node-008a563e38	respawn	002803e7					
1789339234382	fba981640d	node-008a563e38	hit_taken	002803e7	1	0	50	4	0
1789339234382	fba981640d	node-008a563e38	death	002803e7	1	0			
1789339234382	fba981640d	node-008a563e38	respawn	002803e7					
1789339234382	fba981640d	node-008a563e38	hit_taken	002803e7	1	0	50	4	0
1789339234382	fba981640d	node-008a563e38	death	002803e7	1	0			
1789339234382	fba981640d	node-008a563e38	respawn	002803e7					
1789339234382	fba981640d	node-008a563e38	hit_taken	002803e7	1	0	50	0	0
1789339234382	fba981640d	node-008a563e38	death	002803e7	1	0			
1789339236952	fba981640d	node-008a563e38	respawn	002803e7					
1789339244309	fba981640d	node-daeed47068	hit_taken	6748d5e1	2	0	50	0	0
1789339244529	fba981640d	node-daeed47068	death	6748d5e1	2	0			
1789339249346	fba981640d	node-daeed47068	respawn	6748d5e1					
1789339252200	fba981640d	node-daeed47068	hit_taken	6748d5e1	2	0	50	0	0
1789339252202	fba981640d	node-daeed47068	death	6748d5e1	2	0			
1789339257328	fba981640d	node-daeed47068	respawn	6748d5e1					
1789339261226	fba981640d	node-008a563e38	hit_taken	002803e7	1	0	50	1	0
1789339261242	fba981640d	node-008a563e38	death	002803e7	1	0			
1789339266282	fba981640d	node-008a563e38	respawn	002803e7					
1789339271104	fba981640d	node-daeed47068	hit_taken	6748d5e1	2	0	50	0	0
1789339271185	fba981640d	node-daeed47068	death	6748d5e1	2	0			
1789339276470	fba981640d	node-daeed47068	respawn	6748d5e1					
1789339302022	fba981640d	node-008a563e38	hit_taken	002803e7	1	0	50	0	0
1789339302025	fba981640d	node-008a563e38	death	002803e7	1	0			
1789339307033	fba981640d	node-008a563e38	respawn	002803e7					
1789339308652	fba981640d	node-008a563e38	hit_taken	002803e7	1	0	50	0	0
1789339308654	fba981640d	node-008a563e38	death	002803e7	1	0			
1789339313833	fba981640d	node-008a563e38	respawn	002803e7					
1789339315268	fba981640d	node-008a563e38	hit_taken	002803e7	1	0	50	4	0
1789339315271	fba981640d	node-008a563e38	death	002803e7	1	0			
1789339320285	fba981640d	node-008a563e38	respawn	002803e7					
1789339325892	fba981640d	node-008a563e38	hit_taken	002803e7	1	0	50	3	0
1789339325981	fba981640d	node-008a563e38	death	002803e7	1	0			
1789339331166	fba981640d	node-008a563e38	respawn	002803e7					
1789339332955	fba981640d	node-008a563e38	hit_taken	002803e7	1	0	50	0	0
1789339332964	fba981640d	node-008a563e38	death	002803e7	1	0			
1789339338041	fba981640d	node-008a563e38	respawn	002803e7					
1789339340125	fba981640d	node-008a563e38	hit_taken	002803e7	1	0	50	0	0
1789339340126	fba981640d	node-008a563e38	death	002803e7	1	0			
1789339345321	fba981640d	node-008a563e38	respawn	002803e7					
1789339347177	fba981640d	node-008a563e38	hit_taken	002803e7	1	0	50	0	0
1789339347178	fba981640d	node-008a563e38	death	002803e7	1	0			
1789339352292	fba981640d	node-008a563e38	respawn	002803e7					
1789339354276	fba981640d	node-008a563e38	hit_taken	002803e7	1	0	50	4	0
1789339354278	fba981640d	node-008a563e38	death	002803e7	1	0			
1789339359286	fba981640d	node-008a563e38	respawn	002803e7					
1789339361501	fba981640d	node-008a563e38	hit_taken	002803e7	1	0	50	1	0
1789339361512	fba981640d	node-008a563e38	death	002803e7	1	0			
1789339366535	fba981640d	node-008a563e38	respawn	002803e7					
1789339370250	fba981640d	node-008a563e38	hit_taken	002803e7	1	0	50	1	0
1789339370258	fba981640d	node-008a563e38	death	002803e7	1	0			
1789339375275	fba981640d	node-008a563e38	respawn	002803e7					
1789339604585	f46fdd96e1	node-daeed47068	hit_taken	6748d5e1	2	0	48	0	0
1789339604988	f46fdd96e1	node-008a563e38	hit_taken	002803e7	1	0	18	0	0
1789339609690	f46fdd96e1	node-daeed47068	hit_taken	6748d5e1	2	0	48	0	0
1789339609699	f46fdd96e1	node-008a563e38	hit_taken	002803e7	1	0	18	2	0
1789339610096	f46fdd96e1	node-daeed47068	hit_taken	6748d5e1	2	0	48	0	0
1789339611688	f46fdd96e1	node-daeed47068	hit_taken	6748d5e1	2	0	21	0	0
1789339611691	f46fdd96e1	node-daeed47068	death	6748d5e1	2	0			
1789339626900	f46fdd96e1	node-daeed47068	respawn	6748d5e1					
1789339631952	f46fdd96e1	node-008a563e38	hit_taken	002803e7	1	0	70	0	0
1789339631994	f46fdd96e1	node-daeed47068	hit_taken	6748d5e1	2	0	70	4	0
1789339632753	f46fdd96e1	node-008a563e38	hit_taken	002803e7	1	0	59	0	0
1789339632761	f46fdd96e1	node-008a563e38	death	002803e7	1	0			
1789339647786	f46fdd96e1	node-008a563e38	respawn	002803e7					
1789339654362	f46fdd96e1	node-daeed47068	hit_taken	6748d5e1	2	0	45	4	0
