t_recv	match_id	node_id	arm_state	alive	hp	armor	ammo	shots	pool_src	synced
1789338636041	None	node-008a563e38	connected	False	0	0	0	0	model	False
1789338638050	None	node-008a563e38	connected	False	0	0	0	0	model	True
1789338825100	None	node-daeed47068	kitted	False	0	0	0	0	model	False
1789338827103	None	node-daeed47068	kitted	False	0	0	0	0	model	True
1789338918496	None	node-008a563e38	kitted	False	0	0	0	0	model	True
1789338935140	None	node-daeed47068	lobby	False	0	0	0	0	model	True
1789338936533	None	node-008a563e38	lobby	False	0	0	1	0	gun	True
1789338937140	None	node-daeed47068	lobby	False	0	0	1	0	model	True
1789338972606	fba981640d	node-008a563e38	armed	False	0	0	1	0	gun	True
1789338973180	fba981640d	node-daeed47068	armed	False	0	0	1	0	model	True
1789338982611	fba981640d	node-008a563e38	live	True	50	0	8	0	gun	True
1789338983955	fba981640d	node-daeed47068	live	True	50	0	8	0	gun	True
1789338988617	fba981640d	node-008a563e38	live	True	50	0	7	1	gun	True
1789338990617	fba981640d	node-008a563e38	live	True	50	0	6	2	gun	True
1789338994623	fba981640d	node-008a563e38	live	True	50	0	8	2	gun	True
1789339000969	fba981640d	node-008a563e38	live	True	50	0	7	3	gun	True
1789339006631	fba981640d	node-008a563e38	live	True	50	0	8	3	gun	True
1789339012653	fba981640d	node-008a563e38	live	True	50	0	7	4	gun	True
1789339014654	fba981640d	node-008a563e38	live	True	50	0	6	5	gun	True
1789339019047	fba981640d	node-008a563e38	live	True	50	0	8	5	gun	True
1789339028654	fba981640d	node-008a563e38	live	True	50	0	7	6	gun	True
1789339032656	fba981640d	node-008a563e38	live	True	50	0	8	6	gun	True
1789339038671	fba981640d	node-008a563e38	live	False	0	0	8	6	gun	True
1789339044675	fba981640d	node-008a563e38	live	True	50	0	8	6	gun	True
1789339056699	fba981640d	node-008a563e38	live	True	50	0	7	7	gun	True
1789339060693	fba981640d	node-008a563e38	live	True	50	0	8	7	gun	True
1789339062695	fba981640d	node-008a563e38	live	True	50	0	7	8	gun	True
1789339066754	fba981640d	node-008a563e38	live	True	50	0	8	8	gun	True
1789339080749	fba981640d	node-008a563e38	live	True	50	0	7	9	gun	True
1789339097791	fba981640d	node-daeed47068	live	True	50	0	8	9	gun	False
1789339099709	fba981640d	node-daeed47068	live	True	50	0	7	10	gun	True
1789339101968	fba981640d	node-008a563e38	live	False	0	0	7	9	gun	True
1789339103805	fba981640d	node-daeed47068	live	True	50	0	8	10	gun	True
1789339104760	fba981640d	node-008a563e38	live	True	50	0	8	9	gun	True
1789339110785	fba981640d	node-daeed47068	live	True	50	0	7	11	gun	True
1789339110836	fba981640d	node-008a563e38	live	True	50	0	7	10	gun	True
1789339113717	fba981640d	node-daeed47068	live	True	50	0	8	11	gun	True
1789339120798	fba981640d	node-008a563e38	live	True	50	0	8	10	gun	True
1789339121732	fba981640d	node-daeed47068	live	True	50	0	7	12	gun	True
1789339122797	fba981640d	node-008a563e38	live	True	50	0	7	11	gun	True
1789339124366	fba981640d	node-daeed47068	live	True	50	0	6	13	gun	True
1789339128365	fba981640d	node-daeed47068	live	True	50	0	8	13	gun	True
1789339131720	fba981640d	node-daeed47068	live	True	50	0	7	14	gun	True
1789339132187	fba981640d	node-008a563e38	live	True	50	0	6	12	gun	True
1789339132446	fba981640d	node-008a563e38	live	True	50	0	5	13	gun	True
1789339133156	fba981640d	node-008a563e38	live	True	50	0	8	13	gun	True
1789339133736	fba981640d	node-daeed47068	live	True	50	0	8	14	gun	True
1789339145736	fba981640d	node-daeed47068	live	True	50	0	7	15	gun	True
1789339151765	fba981640d	node-daeed47068	live	True	50	0	6	16	gun	True
1789339153728	fba981640d	node-daeed47068	live	True	50	0	5	17	gun	True
1789339157734	fba981640d	node-daeed47068	live	True	50	0	8	17	gun	True
1789339161728	fba981640d	node-daeed47068	live	True	50	0	7	18	gun	True
1789339167784	fba981640d	node-daeed47068	live	True	50	0	6	19	gun	True
1789339171746	fba981640d	node-daeed47068	live	True	50	0	8	19	gun	True
1789339173779	fba981640d	node-daeed47068	live	True	50	0	7	20	gun	True
1789339177783	fba981640d	node-daeed47068	live	False	0	0	7	20	gun	True
1789339183761	fba981640d	node-daeed47068	live	True	50	0	8	20	gun	True
1789339185755	fba981640d	node-daeed47068	live	False	0	0	8	20	gun	True
1789339191775	fba981640d	node-daeed47068	live	True	50	0	8	20	gun	True
1789339199802	fba981640d	node-daeed47068	live	True	50	0	7	21	gun	True
1789339202227	fba981640d	node-daeed47068	live	False	0	0	7	21	gun	True
1789339205762	fba981640d	node-daeed47068	live	True	50	0	7	21	model	True
1789339207906	fba981640d	node-daeed47068	live	True	50	0	8	21	gun	True
1789339217802	fba981640d	node-daeed47068	live	True	50	0	7	22	gun	True
1789339221791	fba981640d	node-daeed47068	live	True	50	0	6	23	gun	True
1789339229776	fba981640d	node-daeed47068	live	True	50	0	7	24	gun	True
1789339231785	fba981640d	node-daeed47068	live	True	50	0	6	25	gun	True
1789339234387	fba981640d	node-008a563e38	live	False	0	0	8	18	gun	True
1789339235808	fba981640d	node-daeed47068	live	True	50	0	8	25	gun	True
1789339238399	fba981640d	node-008a563e38	live	True	50	0	8	18	gun	True
1789339244531	fba981640d	node-008a563e38	live	True	50	0	7	19	gun	True
1789339245784	fba981640d	node-daeed47068	live	False	0	0	8	25	gun	True
1789339249766	fba981640d	node-daeed47068	live	True	50	0	8	25	model	True
1789339251888	fba981640d	node-daeed47068	live	True	50	0	8	25	gun	True
1789339252399	fba981640d	node-008a563e38	live	True	50	0	6	20	gun	True
1789339253778	fba981640d	node-daeed47068	live	False	0	0	8	25	gun	True
1789339257773	fba981640d	node-daeed47068	live	True	50	0	8	25	model	True
1789339259810	fba981640d	node-daeed47068	live	True	50	0	8	25	gun	True
1789339261783	fba981640d	node-daeed47068	live	True	50	0	7	26	gun	True
1789339262403	fba981640d	node-008a563e38	live	False	0	0	6	20	gun	True
1789339265809	fba981640d	node-daeed47068	live	True	50	0	8	26	gun	True
1789339266440	fba981640d	node-008a563e38	live	True	50	0	6	20	model	True
1789339268431	fba981640d	node-008a563e38	live	True	50	0	8	20	gun	True
1789339271794	fba981640d	node-daeed47068	live	False	0	0	7	27	gun	True
1789339272417	fba981640d	node-008a563e38	live	True	50	0	7	21	gun	True
1789339277790	fba981640d	node-daeed47068	live	True	50	0	8	27	gun	True
1789339281992	fba981640d	node-daeed47068	live	True	50	0	7	28	gun	True
1789339283802	fba981640d	node-daeed47068	live	True	50	0	6	29	gun	True
1789339285787	fba981640d	node-daeed47068	live	True	50	0	4	31	gun	True
1789339287862	fba981640d	node-daeed47068	live	True	50	0	3	32	gun	True
1789339289813	fba981640d	node-daeed47068	live	True	50	0	2	33	gun	True
1789339291788	fba981640d	node-daeed47068	live	True	50	0	0	35	gun	True
1789339297885	fba981640d	node-daeed47068	live	True	50	0	8	35	gun	True
1789339302468	fba981640d	node-008a563e38	live	False	0	0	7	21	gun	True
1789339303810	fba981640d	node-daeed47068	live	True	50	0	7	36	gun	True
1789339305817	fba981640d	node-daeed47068	live	True	50	0	6	37	gun	True
1789339307798	fba981640d	node-daeed47068	live	True	50	0	5	38	gun	True
1789339308519	fba981640d	node-008a563e38	live	True	50	0	8	21	gun	True
1789339309814	fba981640d	node-daeed47068	live	True	50	0	4	39	gun	True
1789339310473	fba981640d	node-008a563e38	live	False	0	0	8	21	gun	True
1789339311833	fba981640d	node-daeed47068	live	True	50	0	3	40	gun	True
1789339313826	fba981640d	node-daeed47068	live	True	50	0	2	41	gun	True
1789339314469	fba981640d	node-008a563e38	live	True	50	0	8	21	model	True
1789339315798	fba981640d	node-daeed47068	live	True	50	0	1	42	gun	True
1789339316471	fba981640d	node-008a563e38	live	False	0	0	8	21	gun	True
1789339319817	fba981640d	node-daeed47068	live	True	50	0	0	43	gun	True
1789339320494	fba981640d	node-008a563e38	live	True	50	0	8	21	model	True
1789339322746	fba981640d	node-008a563e38	live	True	50	0	8	21	gun	True
1789339323819	fba981640d	node-daeed47068	live	True	50	0	8	43	gun	True
1789339325817	fba981640d	node-daeed47068	live	True	50	0	7	44	gun	True
1789339326634	fba981640d	node-008a563e38	live	False	0	0	8	21	gun	True
1789339332488	fba981640d	node-008a563e38	live	True	50	0	8	21	gun	True
1789339333808	fba981640d	node-daeed47068	live	True	50	0	6	45	gun	True
1789339334786	fba981640d	node-008a563e38	live	False	0	0	8	21	gun	True
1789339338523	fba981640d	node-008a563e38	live	True	50	0	8	21	model	True
1789339340498	fba981640d	node-008a563e38	live	False	0	0	8	21	gun	True
1789339341842	fba981640d	node-daeed47068	live	True	50	0	5	46	gun	True
1789339346539	fba981640d	node-008a563e38	live	True	50	0	8	21	gun	True
1789339347834	fba981640d	node-daeed47068	live	True	50	0	4	47	gun	True
1789339348498	fba981640d	node-008a563e38	live	False	0	0	8	21	gun	True
1789339352502	fba981640d	node-008a563e38	live	True	50	0	8	21	model	True
1789339353845	fba981640d	node-daeed47068	live	True	50	0	8	47	gun	True
1789339354520	fba981640d	node-008a563e38	live	False	0	0	8	21	gun	True
1789339355823	fba981640d	node-daeed47068	live	True	50	0	7	48	gun	True
1789339360508	fba981640d	node-008a563e38	live	True	50	0	8	21	gun	True
1789339361814	fba981640d	node-daeed47068	live	True	50	0	6	49	gun	True
1789339362510	fba981640d	node-008a563e38	live	False	0	0	8	21	gun	True
1789339368524	fba981640d	node-008a563e38	live	True	50	0	8	21	gun	True
1789339369816	fba981640d	node-daeed47068	live	True	50	0	5	50	gun	True
1789339370521	fba981640d	node-008a563e38	live	False	0	0	8	21	gun	True
1789339371829	fba981640d	node-daeed47068	live	True	50	0	4	51	gun	True
1789339376546	fba981640d	node-008a563e38	live	True	50	0	8	21	gun	True
1789339379835	fba981640d	node-daeed47068	kitted	False	50	0	8	52	gun	True
1789339380552	fba981640d	node-008a563e38	kitted	False	50	0	8	21	gun	True
1789339412914	fba981640d	node-daeed47068	kitted	False	45	70	72	52	gun	True
1789339426650	fba981640d	node-008a563e38	kitted	False	45	70	14	21	gun	True
1789339436938	fba981640d	node-daeed47068	kitted	False	45	70	36	52	gun	True
1789339442939	fba981640d	node-daeed47068	kitted	False	45	70	6	52	gun	True
1789339446693	fba981640d	node-008a563e38	kitted	False	45	70	6	21	gun	True
1789339462714	fba981640d	node-008a563e38	lobby	False	45	70	1	21	gun	True
1789339462945	fba981640d	node-daeed47068	lobby	False	45	70	1	52	gun	True
1789339464948	fba981640d	node-daeed47068	lobby	False	45	70	32	52	gun	True
1789339466956	fba981640d	node-daeed47068	lobby	False	45	70	30	52	gun	True
1789339468949	fba981640d	node-daeed47068	lobby	False	45	70	27	52	gun	True
1789339470952	fba981640d	node-daeed47068	lobby	False	45	70	4	52	gun	True
1789339472951	fba981640d	node-daeed47068	lobby	False	45	70	2	52	gun	True
1789339474945	fba981640d	node-daeed47068	lobby	False	45	70	0	52	gun	True
1789339476952	fba981640d	node-daeed47068	lobby	False	45	70	1	52	gun	True
1789339478948	fba981640d	node-daeed47068	lobby	False	45	70	6	52	gun	True
1789339484957	fba981640d	node-daeed47068	lobby	False	45	70	22	52	gun	True
1789339486957	fba981640d	node-daeed47068	lobby	False	45	70	12	52	gun	True
1789339488958	fba981640d	node-daeed47068	lobby	False	45	70	6	52	gun	True
1789339490959	fba981640d	node-daeed47068	lobby	False	45	70	4	52	gun	True
1789339492963	fba981640d	node-daeed47068	lobby	False	45	70	1	52	gun	True
1789339494960	fba981640d	node-daeed47068	lobby	False	45	70	0	52	gun	True
1789339496762	a1003b7ae7	node-008a563e38	armed	False	45	70	1	0	gun	True
1789339496962	a1003b7ae7	node-daeed47068	armed	False	45	70	3	0	gun	True
1789339498962	a1003b7ae7	node-daeed47068	armed	False	45	70	6	0	gun	True
1789339506771	a1003b7ae7	node-008a563e38	live	True	45	120	14	0	gun	True
1789339506968	a1003b7ae7	node-daeed47068	live	True	45	120	36	0	gun	True
1789339508966	a1003b7ae7	node-daeed47068	live	True	45	120	30	6	gun	True
1789339510967	a1003b7ae7	node-daeed47068	live	True	45	120	21	15	gun	True
1789339512796	a1003b7ae7	node-008a563e38	live	True	45	120	12	2	gun	True
1789339512969	a1003b7ae7	node-daeed47068	live	True	45	120	9	27	gun	True
1789339514801	a1003b7ae7	node-008a563e38	live	True	45	120	10	4	gun	True
1789339514971	a1003b7ae7	node-daeed47068	live	True	45	120	3	33	gun	True
1789339516969	a1003b7ae7	node-daeed47068	live	True	45	120	5	64	gun	True
1789339520975	a1003b7ae7	node-daeed47068	live	True	45	120	6	64	gun	True
1789339522818	a1003b7ae7	node-008a563e38	live	True	45	120	6	8	gun	True
1789339524816	a1003b7ae7	node-008a563e38	live	True	45	120	3	11	gun	True
1789339528861	a1003b7ae7	node-008a563e38	live	True	45	120	5	11	gun	True
1789339530859	a1003b7ae7	node-008a563e38	live	True	45	120	3	13	gun	True
1789339532978	a1003b7ae7	node-daeed47068	live	True	45	120	0	67	gun	True
1789339536976	a1003b7ae7	node-daeed47068	live	True	45	120	30	73	gun	True
1789339538978	a1003b7ae7	node-daeed47068	live	True	45	120	18	85	gun	True
1789339540977	a1003b7ae7	node-daeed47068	live	True	45	120	6	97	gun	True
1789339542980	a1003b7ae7	node-daeed47068	live	True	45	120	0	103	gun	True
1789339546981	a1003b7ae7	node-daeed47068	live	True	45	120	36	103	gun	True
1789339549056	a1003b7ae7	node-008a563e38	kitted	False	45	120	14	13	gun	True
1789339549059	a1003b7ae7	node-daeed47068	kitted	False	45	120	36	103	gun	True
1789339584927	a1003b7ae7	node-008a563e38	lobby	False	45	120	1	13	gun	True
1789339585001	a1003b7ae7	node-daeed47068	lobby	False	45	120	1	103	gun	True
1789339589008	a1003b7ae7	node-daeed47068	lobby	False	45	120	33	103	gun	True
1789339591041	f46fdd96e1	node-008a563e38	armed	False	45	120	1	0	gun	True
1789339591045	f46fdd96e1	node-daeed47068	armed	False	45	120	33	0	gun	True
1789339600943	f46fdd96e1	node-008a563e38	live	True	45	70	1	0	model	True
1789339601038	f46fdd96e1	node-daeed47068	live	True	45	70	33	0	model	True
1789339602947	f46fdd96e1	node-008a563e38	live	True	45	120	14	0	gun	True
1789339603027	f46fdd96e1	node-daeed47068	live	True	45	120	36	0	gun	True
1789339604949	f46fdd96e1	node-008a563e38	live	True	45	120	13	1	gun	True
1789339605029	f46fdd96e1	node-daeed47068	live	True	45	72	33	3	gun	True
1789339606953	f46fdd96e1	node-008a563e38	live	True	45	102	12	2	gun	True
1789339610959	f46fdd96e1	node-008a563e38	live	True	45	84	8	6	gun	True
1789339611018	f46fdd96e1	node-daeed47068	live	True	21	0	30	6	gun	True
1789339612964	f46fdd96e1	node-008a563e38	live	True	45	84	6	8	gun	True
1789339613372	f46fdd96e1	node-daeed47068	live	False	0	0	28	8	gun	True
1789339616977	f46fdd96e1	node-008a563e38	live	True	45	84	14	8	gun	True
1789339626979	f46fdd96e1	node-008a563e38	live	True	45	84	5	8	gun	True
1789339627023	f46fdd96e1	node-daeed47068	live	True	45	70	28	8	model	True
1789339629035	f46fdd96e1	node-daeed47068	live	True	45	120	36	8	gun	True
1789339632983	f46fdd96e1	node-008a563e38	live	False	0	0	3	10	gun	True
1789339633021	f46fdd96e1	node-daeed47068	live	True	45	50	4	9	gun	True
1789339635037	f46fdd96e1	node-daeed47068	live	True	45	50	3	10	gun	True
1789339637084	f46fdd96e1	node-daeed47068	live	True	45	50	6	10	gun	True
1789339643097	f46fdd96e1	node-daeed47068	live	True	45	50	33	13	gun	True
1789339647058	f46fdd96e1	node-daeed47068	live	True	45	50	29	17	gun	True
1789339649005	f46fdd96e1	node-008a563e38	live	True	45	120	14	10	gun	True
1789339649203	f46fdd96e1	node-daeed47068	live	True	45	50	21	25	gun	True
1789339651270	f46fdd96e1	node-daeed47068	live	True	45	50	36	25	gun	True
1789339655010	f46fdd96e1	node-008a563e38	live	True	45	120	5	10	gun	True
1789339655166	f46fdd96e1	node-daeed47068	live	True	45	5	36	25	gun	True
1789339662479	f46fdd96e1	node-008a563e38	live	True	45	120	6	10	gun	True
1789339682722	f46fdd96e1	node-daeed47068	live	True	45	5	36	25	gun	False
1789339684734	f46fdd96e1	node-daeed47068	live	True	45	5	36	25	gun	True
1789339688564	f46fdd96e1	node-008a563e38	live	True	45	120	6	10	gun	False
1789339690548	f46fdd96e1	node-008a563e38	live	True	45	120	6	10	gun	True
1789339762216	f46fdd96e1	node-daeed47068	kitted	False	45	5	36	25	gun	True
1789339762653	f46fdd96e1	node-008a563e38	kitted	False	45	120	14	10	gun	True
